16,0x5bb4a85fc708b4c899c3e80f907743c784985889,1:1a8ce68eda77d915a6fda89200f7da,Early Bird 2-Day Ticket(4-5 May)
18,0x1872fb82d0b809779a976d3cf283dbc2cfa840cb,1:e9464aaa91fcbb809e0104ba6071d1,Early Bird 2-Day Ticket(4-5 May)
19,0x0a94f278a4b97dea39ad5e22314008112c29dd42,1:074cb256716432a09c9f083e740cd5,Early Bird 2-Day Ticket(4-5 May)
20,0x8378f16dad92b8ade9024a2fe692a1f08bea6a6f,1:2b687fe2f2a90267ec938c95a0e728,Early Bird 2-Day Ticket(4-5 May)
992,0x4879bb547999a5c2f7c217410cd8a460a9eb9224,1:60c3396b1d4765c10707990f7d0d6b,Early Bird 2-Day Ticket(4-5 May)
1498,0x5bb4a85fc708b4c899c3e80f907743c784985889,1:46840d43815b168d5152ed033a617d,Advance 2-Day Ticket(4-5 May)
1500,0xed28fb5667e0f4ee6b6d031fd885eda15cd67cb3,1:523a82fad4fcd3b7883c755078f1e2,Regular 2-Day Ticket(4-5 May)
1501,0xa33da3c8421eea9ba23c0df1d06871d6dd34ae64,1:6a1121fcf11d2f4c54c968bc16b669,Regular 2-Day Ticket(4-5 May)
1502,0x88eb2cd824a61b09a2e6af143b819a147a200788,1:12f1b3c48ebd749c88cfdc7cda0f7c,Regular 2-Day Ticket(4-5 May)
1503,0x6d1f6db57018ec2cbfd547c48a3bac4bea669f4f,1:3910371fed90e763a1cdf6351cc311,Regular 2-Day Ticket(4-5 May)
1504,0xb98129b7d3dcbd920364d3683454f12e72d2d27e,1:7b1d922647f2752de3b91a9e63a2dc,Regular 1-Day Ticket (5 May)
1505,0xb98129b7d3dcbd920364d3683454f12e72d2d27e,1:663ab12a83f4a879da4c1958d82d3c,Regular 1-Day Ticket (5 May)
